insert into jiveProperty (NAME,PROPVALUE)
    values('xmpp.auth.anonymous', 'true');
insert into jiveProperty (NAME,PROPVALUE)
    values('xmpp.domain', 'rk-mobile.raykroeker.com');
insert into jiveProperty (NAME,PROPVALUE)
    values('xmpp.socket.plain.port', '5226');
insert into jiveProperty (NAME,PROPVALUE)
    values('xmpp.socket.ssl.port', '5227');
insert into jiveProperty (NAME,PROPVALUE)
    values('com.thinkparity.calpurnia.db.driver', 'org.hsqldb.jdbcDriver');
insert into jiveProperty (NAME,PROPVALUE)
    values('com.thinkparity.calpurnia.db.password', '');
insert into jiveProperty (NAME,PROPVALUE)
    values('com.thinkparity.calpurnia.db.url;jdbc:hsqldb', 'file:/home/jive/thinkParity/development/hsqldb/calpurnia/db');
insert into jiveProperty (NAME,PROPVALUE)
    values('com.thinkparity.calpurnia.db.username', 'sa');

insert into jiveUser (USERNAME,PASSWORD,CREATIONDATE,MODIFICATIONDATE)
    values('thinkparity','parity',0,0);
insert into jiveVCard (USERNAME,VALUE)
    values('thinkparity', '<vCard xmlns="vcard-temp"><FN>thinkParity Solutions Inc.</FN><N><FAMILY>thinkParity Solutions Inc.</FAMILY><GIVEN></GIVEN></N><ORG><ORGNAME>thinkParity Solutions Inc.</ORGNAME></ORG></vCard>');
insert into parityUserEmail (USERNAME,EMAIL)
    values('thinkparity', 'thinkParity@thinkparity.com');

insert into jiveUser (USERNAME,PASSWORD,CREATIONDATE,MODIFICATIONDATE)
    values('rkroeker','parity',0,0);
insert into jiveVCard (USERNAME,VALUE)
    values('rkroeker', '<vCard xmlns="vcard-temp"><FN>Raymond Kroeker</FN><N><FAMILY>Kroeker</FAMILY><GIVEN>Raymond</GIVEN></N><ORG><ORGNAME>thinkParity Solutions Inc.</ORGNAME></ORG></vCard>');
insert into parityUserEmail (USERNAME,EMAIL)
    values('rkroeker', 'raymond@thinkparity.com');

insert into jiveUser (USERNAME,PASSWORD,CREATIONDATE,MODIFICATIONDATE)
    values('ahalaby','parity',0,0);
insert into jiveVCard (USERNAME,VALUE)
    values('ahalaby', '<vCard xmlns="vcard-temp"><FN>Avi Halaby</FN><N><FAMILY>Halaby</FAMILY><GIVEN>Avi</GIVEN></N><ORG><ORGNAME>Epiphyte Corporation Inc.</ORGNAME></ORG></vCard>');
insert into parityUserEmail (USERNAME,EMAIL)
    values('ahalaby', 'avi@epiphyte.com');

insert into jiveUser (USERNAME,PASSWORD,CREATIONDATE,MODIFICATIONDATE)
    values('rwaterhouse','parity',0,0);
insert into jiveVCard (USERNAME,VALUE)
    values('rwaterhouse', '<vCard xmlns="vcard-temp"><FN>Randy Waterhouse</FN><N><FAMILY>Waterhouse</FAMILY><GIVEN>Randy</GIVEN></N><ORG><ORGNAME>Epiphyte Corporation Inc.</ORGNAME></ORG></vCard>');
insert into parityUserEmail (USERNAME,EMAIL)
    values('rwaterhouse', 'randy@epiphyte.com');

insert into jiveUser (USERNAME,PASSWORD,CREATIONDATE,MODIFICATIONDATE)
    values('ashaftoe','parity',0,0);
insert into jiveVCard (USERNAME,VALUE)
    values('ashaftoe', '<vCard xmlns="vcard-temp"><FN>Amy Shaftoe</FN><N><FAMILY>Shaftoe</FAMILY><GIVEN>Amy</GIVEN></N><ORG><ORGNAME>Semper Marine Group</ORGNAME></ORG></vCard>');
insert into parityUserEmail (USERNAME,EMAIL)
    values('ashaftoe', 'amy@sempermarine.com');

insert into jiveUser (USERNAME,PASSWORD,CREATIONDATE,MODIFICATIONDATE)
    values('brussell','parity',0,0);
insert into jiveVCard (USERNAME,VALUE)
    values('brussell', '<vCard xmlns="vcard-temp"><FN>Bertrand Russell</FN><N><FAMILY>Russell</FAMILY><GIVEN>Bertrand</GIVEN></N><ORG><ORGNAME>thinkParity Solutions Inc.</ORGNAME></ORG></vCard>');
insert into parityUserEmail (USERNAME,EMAIL)
    values('brussell', 'bertrand@thinkparity.com');

insert into jiveUser (USERNAME,PASSWORD,CREATIONDATE,MODIFICATIONDATE)
    values('gdengo','parity',0,0);
insert into jiveVCard (USERNAME,VALUE)
    values('gdengo', '<vCard xmlns="vcard-temp"><FN>Goto Dengo</FN><N><FAMILY>Dengo</FAMILY><GIVEN>Goto</GIVEN></N><ORG><ORGNAME>Goto Engineering Inc.</ORGNAME></ORG></vCard>');
insert into parityUserEmail (USERNAME,EMAIL)
    values('gdengo', 'goto@gotoengineering.com');

insert into jiveUser (USERNAME,PASSWORD,CREATIONDATE,MODIFICATIONDATE)
    values('junit','parity',0,0);
insert into jiveVCard (USERNAME,VALUE)
    values('junit', '<vCard xmlns="vcard-temp"><FN>JUnit thinkParity</FN><N><FAMILY>thinkParity</FAMILY><GIVEN>JUnit</GIVEN></N><ORG><ORGNAME>thinkParity Solutions Inc.</ORGNAME></ORG></vCard>');
insert into parityUserEmail (USERNAME,EMAIL)
    values('junit', 'junit@thinkparity.com');

insert into jiveUser (USERNAME,PASSWORD,CREATIONDATE,MODIFICATIONDATE)
    values('junit.x','parity',0,0);
insert into jiveVCard (USERNAME,VALUE)
    values('junit.x', '<vCard xmlns="vcard-temp"><FN>JUnit.X thinkParity</FN><N><FAMILY>thinkParity</FAMILY><GIVEN>JUnit.X</GIVEN></N><ORG><ORGNAME>thinkParity Solutions Inc.</ORGNAME></ORG></vCard>');
insert into parityUserEmail (USERNAME,EMAIL)
    values('junit.x', 'junit.x@thinkparity.com');

insert into jiveUser (USERNAME,PASSWORD,CREATIONDATE,MODIFICATIONDATE)
    values('junit.y','parity',0,0);
insert into jiveVCard (USERNAME,VALUE)
    values('junit.y', '<vCard xmlns="vcard-temp"><FN>JUnit.Y thinkParity</FN><N><FAMILY>thinkParity</FAMILY><GIVEN>JUnit.Y</GIVEN></N><ORG><ORGNAME>thinkParity Solutions Inc.</ORGNAME></ORG></vCard>');
insert into parityUserEmail (USERNAME,EMAIL)
    values('junit.y', 'junit.y@thinkparity.com');

insert into jiveUser (USERNAME,PASSWORD,CREATIONDATE,MODIFICATIONDATE)
    values('junit.z','parity',0,0);
insert into jiveVCard (USERNAME,VALUE)
    values('junit.z', '<vCard xmlns="vcard-temp"><FN>JUnit.Z thinkParity</FN><N><FAMILY>thinkParity</FAMILY><GIVEN>JUnit.Z</GIVEN></N><ORG><ORGNAME>thinkParity Solutions Inc.</ORGNAME></ORG></vCard>');
insert into parityUserEmail (USERNAME,EMAIL)
    values('junit.z', 'junit.z@thinkparity.com');

insert into parityContact (USERNAME,CONTACTUSERNAME,CREATEDBY,CREATEDON,UPDATEDBY,UPDATEDON)
    values ('rkroeker', 'ahalaby@rk-mobile.raykroeker.com', 'rkroeker', NOW(), 'rkroeker', NOW());
insert into parityContact (USERNAME,CONTACTUSERNAME,CREATEDBY,CREATEDON,UPDATEDBY,UPDATEDON)
    values ('rkroeker', 'rwaterhouse@rk-mobile.raykroeker.com', 'rkroeker', NOW(), 'rkroeker', NOW());
insert into parityContact (USERNAME,CONTACTUSERNAME,CREATEDBY,CREATEDON,UPDATEDBY,UPDATEDON)
    values ('rkroeker', 'ashaftoe@rk-mobile.raykroeker.com', 'rkroeker', NOW(), 'rkroeker', NOW());
insert into parityContact (USERNAME,CONTACTUSERNAME,CREATEDBY,CREATEDON,UPDATEDBY,UPDATEDON)
    values ('rkroeker', 'brussell@rk-mobile.raykroeker.com', 'rkroeker', NOW(), 'rkroeker', NOW());
insert into parityContact (USERNAME,CONTACTUSERNAME,CREATEDBY,CREATEDON,UPDATEDBY,UPDATEDON)
    values ('rkroeker', 'gdengo@rk-mobile.raykroeker.com', 'rkroeker', NOW(), 'rkroeker', NOW());

insert into parityContact (USERNAME,CONTACTUSERNAME,CREATEDBY,CREATEDON,UPDATEDBY,UPDATEDON)
    values ('rwaterhouse', 'rkroeker@rk-mobile.raykroeker.com', 'rwaterhouse', NOW(), 'rwaterhouse', NOW());
insert into parityContact (USERNAME,CONTACTUSERNAME,CREATEDBY,CREATEDON,UPDATEDBY,UPDATEDON)
    values ('rwaterhouse', 'ahalaby@rk-mobile.raykroeker.com', 'rwaterhouse', NOW(), 'rwaterhouse', NOW());
insert into parityContact (USERNAME,CONTACTUSERNAME,CREATEDBY,CREATEDON,UPDATEDBY,UPDATEDON)
    values ('rwaterhouse', 'ashaftoe@rk-mobile.raykroeker.com', 'rwaterhouse', NOW(), 'rwaterhouse', NOW());
insert into parityContact (USERNAME,CONTACTUSERNAME,CREATEDBY,CREATEDON,UPDATEDBY,UPDATEDON)
    values ('rwaterhouse', 'brussell@rk-mobile.raykroeker.com', 'rwaterhouse', NOW(), 'rwaterhouse', NOW());
insert into parityContact (USERNAME,CONTACTUSERNAME,CREATEDBY,CREATEDON,UPDATEDBY,UPDATEDON)
    values ('rwaterhouse', 'gdengo@rk-mobile.raykroeker.com', 'rwaterhouse', NOW(), 'rwaterhouse', NOW());

insert into parityContact (USERNAME,CONTACTUSERNAME,CREATEDBY,CREATEDON,UPDATEDBY,UPDATEDON)
    values ('ahalaby', 'rkroeker@rk-mobile.raykroeker.com', 'ahalaby', NOW(), 'ahalaby', NOW());
insert into parityContact (USERNAME,CONTACTUSERNAME,CREATEDBY,CREATEDON,UPDATEDBY,UPDATEDON)
    values ('ahalaby', 'rwaterhouse@rk-mobile.raykroeker.com', 'ahalaby', NOW(), 'ahalaby', NOW());
insert into parityContact (USERNAME,CONTACTUSERNAME,CREATEDBY,CREATEDON,UPDATEDBY,UPDATEDON)
    values ('ahalaby', 'ashaftoe@rk-mobile.raykroeker.com', 'ahalaby', NOW(), 'ahalaby', NOW());
insert into parityContact (USERNAME,CONTACTUSERNAME,CREATEDBY,CREATEDON,UPDATEDBY,UPDATEDON)
    values ('ahalaby', 'brussell@rk-mobile.raykroeker.com', 'ahalaby', NOW(), 'ahalaby', NOW());
insert into parityContact (USERNAME,CONTACTUSERNAME,CREATEDBY,CREATEDON,UPDATEDBY,UPDATEDON)
    values ('ahalaby', 'gdengo@rk-mobile.raykroeker.com', 'ahalaby', NOW(), 'ahalaby', NOW());

insert into parityContact (USERNAME,CONTACTUSERNAME,CREATEDBY,CREATEDON,UPDATEDBY,UPDATEDON)
    values ('ashaftoe', 'rkroeker@rk-mobile.raykroeker.com', 'ashaftoe', NOW(), 'ashaftoe', NOW());
insert into parityContact (USERNAME,CONTACTUSERNAME,CREATEDBY,CREATEDON,UPDATEDBY,UPDATEDON)
    values ('ashaftoe', 'ahalaby@rk-mobile.raykroeker.com', 'ashaftoe', NOW(), 'ashaftoe', NOW());
insert into parityContact (USERNAME,CONTACTUSERNAME,CREATEDBY,CREATEDON,UPDATEDBY,UPDATEDON)
    values ('ashaftoe', 'rwaterhouse@rk-mobile.raykroeker.com', 'ashaftoe', NOW(), 'ashaftoe', NOW());
insert into parityContact (USERNAME,CONTACTUSERNAME,CREATEDBY,CREATEDON,UPDATEDBY,UPDATEDON)
    values ('ashaftoe', 'brussell@rk-mobile.raykroeker.com', 'ashaftoe', NOW(), 'ashaftoe', NOW());
insert into parityContact (USERNAME,CONTACTUSERNAME,CREATEDBY,CREATEDON,UPDATEDBY,UPDATEDON)
    values ('ashaftoe', 'gdengo@rk-mobile.raykroeker.com', 'ashaftoe', NOW(), 'ashaftoe', NOW());

insert into parityContact (USERNAME,CONTACTUSERNAME,CREATEDBY,CREATEDON,UPDATEDBY,UPDATEDON)
    values ('brussell', 'rkroeker@rk-mobile.raykroeker.com', 'brussell', NOW(), 'brussell', NOW());
insert into parityContact (USERNAME,CONTACTUSERNAME,CREATEDBY,CREATEDON,UPDATEDBY,UPDATEDON)
    values ('brussell', 'ahalaby@rk-mobile.raykroeker.com', 'brussell', NOW(), 'brussell', NOW());
insert into parityContact (USERNAME,CONTACTUSERNAME,CREATEDBY,CREATEDON,UPDATEDBY,UPDATEDON)
    values ('brussell', 'rwaterhouse@rk-mobile.raykroeker.com', 'brussell', NOW(), 'brussell', NOW());
insert into parityContact (USERNAME,CONTACTUSERNAME,CREATEDBY,CREATEDON,UPDATEDBY,UPDATEDON)
    values ('brussell', 'ashaftoe@rk-mobile.raykroeker.com', 'brussell', NOW(), 'brussell', NOW());
insert into parityContact (USERNAME,CONTACTUSERNAME,CREATEDBY,CREATEDON,UPDATEDBY,UPDATEDON)
    values ('brussell', 'gdengo@rk-mobile.raykroeker.com', 'brussell', NOW(), 'brussell', NOW());

insert into parityContact (USERNAME,CONTACTUSERNAME,CREATEDBY,CREATEDON,UPDATEDBY,UPDATEDON)
    values ('gdengo', 'rkroeker@rk-mobile.raykroeker.com', 'gdengo', NOW(), 'gdengo', NOW());
insert into parityContact (USERNAME,CONTACTUSERNAME,CREATEDBY,CREATEDON,UPDATEDBY,UPDATEDON)
    values ('gdengo', 'ahalaby@rk-mobile.raykroeker.com', 'gdengo', NOW(), 'gdengo', NOW());
insert into parityContact (USERNAME,CONTACTUSERNAME,CREATEDBY,CREATEDON,UPDATEDBY,UPDATEDON)
    values ('gdengo', 'rwaterhouse@rk-mobile.raykroeker.com', 'gdengo', NOW(), 'gdengo', NOW());
insert into parityContact (USERNAME,CONTACTUSERNAME,CREATEDBY,CREATEDON,UPDATEDBY,UPDATEDON)
    values ('gdengo', 'ashaftoe@rk-mobile.raykroeker.com', 'gdengo', NOW(), 'gdengo', NOW());
insert into parityContact (USERNAME,CONTACTUSERNAME,CREATEDBY,CREATEDON,UPDATEDBY,UPDATEDON)
    values ('gdengo', 'brussell@rk-mobile.raykroeker.com', 'gdengo', NOW(), 'gdengo', NOW());

insert into parityContact (USERNAME,CONTACTUSERNAME,CREATEDBY,CREATEDON,UPDATEDBY,UPDATEDON)
    values ('junit', 'junit.x@rk-mobile.raykroeker.com', 'junit', NOW(), 'junit', NOW());
insert into parityContact (USERNAME,CONTACTUSERNAME,CREATEDBY,CREATEDON,UPDATEDBY,UPDATEDON)
    values ('junit', 'junit.y@rk-mobile.raykroeker.com', 'junit', NOW(), 'junit', NOW());
insert into parityContact (USERNAME,CONTACTUSERNAME,CREATEDBY,CREATEDON,UPDATEDBY,UPDATEDON)
    values ('junit', 'junit.z@rk-mobile.raykroeker.com', 'junit', NOW(), 'junit', NOW());

insert into parityContact (USERNAME,CONTACTUSERNAME,CREATEDBY,CREATEDON,UPDATEDBY,UPDATEDON)
    values ('junit.x', 'junit@rk-mobile.raykroeker.com', 'junit.x', NOW(), 'junit.x', NOW());
insert into parityContact (USERNAME,CONTACTUSERNAME,CREATEDBY,CREATEDON,UPDATEDBY,UPDATEDON)
    values ('junit.x', 'junit.y@rk-mobile.raykroeker.com', 'junit.x', NOW(), 'junit.x', NOW());
insert into parityContact (USERNAME,CONTACTUSERNAME,CREATEDBY,CREATEDON,UPDATEDBY,UPDATEDON)
    values ('junit.x', 'junit.z@rk-mobile.raykroeker.com', 'junit.x', NOW(), 'junit.x', NOW());

insert into parityContact (USERNAME,CONTACTUSERNAME,CREATEDBY,CREATEDON,UPDATEDBY,UPDATEDON)
    values ('junit.y', 'junit@rk-mobile.raykroeker.com', 'junit.y', NOW(), 'junit.y', NOW());
insert into parityContact (USERNAME,CONTACTUSERNAME,CREATEDBY,CREATEDON,UPDATEDBY,UPDATEDON)
    values ('junit.y', 'junit.x@rk-mobile.raykroeker.com', 'junit.y', NOW(), 'junit.y', NOW());
insert into parityContact (USERNAME,CONTACTUSERNAME,CREATEDBY,CREATEDON,UPDATEDBY,UPDATEDON)
    values ('junit.y', 'junit.z@rk-mobile.raykroeker.com', 'junit.y', NOW(), 'junit.y', NOW());

insert into parityContact (USERNAME,CONTACTUSERNAME,CREATEDBY,CREATEDON,UPDATEDBY,UPDATEDON)
    values ('junit.z', 'junit@rk-mobile.raykroeker.com', 'junit.z', NOW(), 'junit.z', NOW());
insert into parityContact (USERNAME,CONTACTUSERNAME,CREATEDBY,CREATEDON,UPDATEDBY,UPDATEDON)
    values ('junit.z', 'junit.x@rk-mobile.raykroeker.com', 'junit.z', NOW(), 'junit.z', NOW());
insert into parityContact (USERNAME,CONTACTUSERNAME,CREATEDBY,CREATEDON,UPDATEDBY,UPDATEDON)
    values ('junit.z', 'junit.y@rk-mobile.raykroeker.com', 'junit.z', NOW(), 'junit.z', NOW());
