insert into jiveProperty (NAME,PROPVALUE)
    values('xmpp.auth.anonymous', 'true');
insert into jiveProperty (NAME,PROPVALUE)
    values('xmpp.domain', 'thinkparity.dyndns.org');
insert into jiveProperty (NAME,PROPVALUE)
    values('xmpp.socket.plain.port', '5222');
insert into jiveProperty (NAME,PROPVALUE)
    values('xmpp.socket.ssl.port', '5223');
insert into jiveProperty (NAME,PROPVALUE)
    values('com.thinkparity.calpurnia.db.driver', 'org.hsqldb.jdbcDriver');
insert into jiveProperty (NAME,PROPVALUE)
    values('com.thinkparity.calpurnia.db.password', '');
insert into jiveProperty (NAME,PROPVALUE)
    values('com.thinkparity.calpurnia.db.url;jdbc:hsqldb', 'file:/home/jive/thinkParity/production/hsqldb/calpurnia/db');
insert into jiveProperty (NAME,PROPVALUE)
    values('com.thinkparity.calpurnia.db.username', 'sa');

insert into jiveUser (USERNAME,PASSWORD,CREATIONDATE,MODIFICATIONDATE)
    values('thinkparity','parity',0,0);
insert into jiveVCard (USERNAME,VALUE)
    values('thinkparity', '<vCard xmlns="vcard-temp"><FN>thinkParity Solutions Inc.</FN><N><FAMILY>thinkParity Solutions Inc.</FAMILY><GIVEN></GIVEN></N><ORG><ORGNAME>thinkParity Solutions Inc.</ORGNAME></ORG></vCard>');
insert into parityUserEmail (USERNAME,EMAIL,VERIFIED)
    values('thinkparity', 'thinkParity@thinkparity.com', true);
insert into parityUserProfile (USERNAME,SECURITYQUESTION,SECURITYANSWER)
    values('thinkparity', 'What is my username?', 'thinkparity');

insert into jiveUser (USERNAME,PASSWORD,CREATIONDATE,MODIFICATIONDATE)
    values('asahebjam','parity',0,0);
insert into jiveVCard (USERNAME,VALUE)
    values('asahebjam', '<vCard xmlns="vcard-temp"><FN>Amir Sahebjam</FN><N><FAMILY>Sahebjam</FAMILY><GIVEN>Amir</GIVEN></N><ORG><ORGNAME>thinkParity Solutions Inc.</ORGNAME></ORG></vCard>');
insert into parityUserEmail (USERNAME,EMAIL,VERIFIED)
    values('asahebjam', 'asahebjam@gmail.com', true);
insert into parityUserProfile (USERNAME,SECURITYQUESTION,SECURITYANSWER)
    values('asahebjam', 'What is my username?', 'asahebjam');

insert into jiveUser (USERNAME,PASSWORD,CREATIONDATE,MODIFICATIONDATE)
    values('omid','parity',0,0);
insert into jiveVCard (USERNAME,VALUE)
    values('omid', '<vCard xmlns="vcard-temp"><FN>Omid Ejtemai</FN><N><FAMILY>Ejtemai</FAMILY><GIVEN>Omid</GIVEN></N><ORG><ORGNAME>thinkParity Solutions Inc.</ORGNAME></ORG></vCard>');
insert into parityUserEmail (USERNAME,EMAIL,VERIFIED)
    values('omid', 'omid@thinkparity.com', true);
insert into parityUserProfile (USERNAME,SECURITYQUESTION,SECURITYANSWER)
    values('omid', 'What is my username?', 'omid');

insert into jiveUser (USERNAME,PASSWORD,CREATIONDATE,MODIFICATIONDATE)
    values('raymond','parity',0,0);
insert into jiveVCard (USERNAME,VALUE)
    values('raymond', '<vCard xmlns="vcard-temp"><FN>Raymond Kroeker</FN><N><FAMILY>Kroeker</FAMILY><GIVEN>Raymond</GIVEN></N><ORG><ORGNAME>thinkParity Solutions Inc.</ORGNAME></ORG></vCard>');
insert into parityUserEmail (USERNAME,EMAIL,VERIFIED)
    values('raymond', 'raymond@thinkparity.com', true);
insert into parityUserProfile (USERNAME,SECURITYQUESTION,SECURITYANSWER)
    values('raymond', 'What is my username?', 'raymond');

insert into jiveUser (USERNAME,PASSWORD,CREATIONDATE,MODIFICATIONDATE)
    values('robert','parity',0,0);
insert into jiveVCard (USERNAME,VALUE)
    values('robert', '<vCard xmlns="vcard-temp"><FN>Robert MacMartin</FN><N><FAMILY>MacMartin</FAMILY><GIVEN>Robert</GIVEN></N><ORG><ORGNAME>thinkParity Solutions Inc.</ORGNAME></ORG></vCard>');
insert into parityUserEmail (USERNAME,EMAIL,VERIFIED)
    values('robert', 'robert@thinkparity.com', true);
insert into parityUserProfile (USERNAME,SECURITYQUESTION,SECURITYANSWER)
    values('robert', 'What is my username?', 'robert');

insert into jiveUser (USERNAME,PASSWORD,CREATIONDATE,MODIFICATIONDATE)
    values('djohnson','parity',0,0);
insert into jiveVCard (USERNAME,VALUE)
    values('djohnson', '<vCard xmlns="vcard-temp"><FN>Don Johnson</FN><N><FAMILY>Johnson</FAMILY><GIVEN>Don</GIVEN></N><ORG><ORGNAME>thinkParity Solutions Inc.</ORGNAME></ORG></vCard>');
insert into parityUserEmail (USERNAME,EMAIL,VERIFIED)
    values('djohnson', 'djohnson@thinkparity.com', true);
insert into parityUserProfile (USERNAME,SECURITYQUESTION,SECURITYANSWER)
    values('djohnson', 'What is my username?', 'djohnson');

insert into jiveUser (USERNAME,PASSWORD,CREATIONDATE,MODIFICATIONDATE)
    values('emorrison','parity',0,0);
insert into jiveVCard (USERNAME,VALUE)
    values('emorrison', '<vCard xmlns="vcard-temp"><FN>Emily Morrison</FN><N><FAMILY>Morrison</FAMILY><GIVEN>Emily</GIVEN></N><ORG><ORGNAME>thinkParity Solutions Inc.</ORGNAME></ORG></vCard>');
insert into parityUserEmail (USERNAME,EMAIL,VERIFIED)
    values('emorrison', 'emorrison@thinkparity.com', true);
insert into parityUserProfile (USERNAME,SECURITYQUESTION,SECURITYANSWER)
    values('emorrison', 'What is my username?', 'emorrison');

insert into jiveUser (USERNAME,PASSWORD,CREATIONDATE,MODIFICATIONDATE)
    values('kmfarland','parity',0,0);
insert into jiveVCard (USERNAME,VALUE)
    values('kmfarland', '<vCard xmlns="vcard-temp"><FN>Kevin MacFarland</FN><N><FAMILY>MacFarland</FAMILY><GIVEN>Kevin</GIVEN></N><ORG><ORGNAME>thinkParity Solutions Inc.</ORGNAME></ORG></vCard>');
insert into parityUserEmail (USERNAME,EMAIL,VERIFIED)
    values('kmfarland', 'kmfarland@thinkparity.com', true);
insert into parityUserProfile (USERNAME,SECURITYQUESTION,SECURITYANSWER)
    values('kmfarland', 'What is my username?', 'kmfarland');

insert into jiveUser (USERNAME,PASSWORD,CREATIONDATE,MODIFICATIONDATE)
    values('strimnell','parity',0,0);
insert into jiveVCard (USERNAME,VALUE)
    values('strimnell', '<vCard xmlns="vcard-temp"><FN>Sarah Trimnell</FN><N><FAMILY>Trimnell</FAMILY><GIVEN>Sarah</GIVEN></N><ORG><ORGNAME>thinkParity Solutions Inc.</ORGNAME></ORG></vCard>');
insert into parityUserEmail (USERNAME,EMAIL,VERIFIED)
    values('strimnell', 'strimnell@thinkparity.com', true);
insert into parityUserProfile (USERNAME,SECURITYQUESTION,SECURITYANSWER)
    values('strimnell', 'What is my username?', 'strimnell');

insert into jiveUser (USERNAME,PASSWORD,CREATIONDATE,MODIFICATIONDATE)
    values('kenjiro','parity',0,0);
insert into jiveVCard (USERNAME,VALUE)
    values('kenjiro', '<vCard xmlns="vcard-temp"><FN>Kenjiro MacMartin</FN><N><FAMILY>MacMartin</FAMILY><GIVEN>Kenjiro</GIVEN></N><ORG><ORGNAME>thinkParity Solutions Inc.</ORGNAME></ORG></vCard>');
insert into parityUserEmail (USERNAME,EMAIL,VERIFIED)
    values('kenjiro', 'kenjiro@thinkparity.com', true);
insert into parityUserProfile (USERNAME,SECURITYQUESTION,SECURITYANSWER)
    values('kenjiro', 'What is my username?', 'kenjiro');

insert into jiveUser (USERNAME,PASSWORD,CREATIONDATE,MODIFICATIONDATE)
    values('masako','parity',0,0);
insert into jiveVCard (USERNAME,VALUE)
    values('masako', '<vCard xmlns="vcard-temp"><FN>Masako</FN><N><FAMILY></FAMILY><GIVEN>Masako</GIVEN></N><ORG><ORGNAME>thinkParity Solutions Inc.</ORGNAME></ORG></vCard>');
insert into parityUserEmail (USERNAME,EMAIL,VERIFIED)
    values('masako', 'masako@thinkparity.com', true);
insert into parityUserProfile (USERNAME,SECURITYQUESTION,SECURITYANSWER)
    values('masako', 'What is my username?', 'masako');

insert into parityContact (USERNAME,CONTACTUSERNAME,CREATEDBY,CREATEDON,UPDATEDBY,UPDATEDON)
    values ('asahebjam', 'omid@thinkparity.dyndns.org', 'asahebjam', NOW(), 'asahebjam', NOW());
insert into parityContact (USERNAME,CONTACTUSERNAME,CREATEDBY,CREATEDON,UPDATEDBY,UPDATEDON)
    values ('asahebjam', 'raymond@thinkparity.dyndns.org', 'asahebjam', NOW(), 'asahebjam', NOW());
insert into parityContact (USERNAME,CONTACTUSERNAME,CREATEDBY,CREATEDON,UPDATEDBY,UPDATEDON)
    values ('asahebjam', 'robert@thinkparity.dyndns.org', 'asahebjam', NOW(), 'asahebjam', NOW());

insert into parityContact (USERNAME,CONTACTUSERNAME,CREATEDBY,CREATEDON,UPDATEDBY,UPDATEDON)
    values ('omid', 'asahebjam@thinkparity.dyndns.org', 'omid', NOW(), 'omid', NOW());
insert into parityContact (USERNAME,CONTACTUSERNAME,CREATEDBY,CREATEDON,UPDATEDBY,UPDATEDON)
    values ('omid', 'raymond@thinkparity.dyndns.org', 'omid', NOW(), 'omid', NOW());
insert into parityContact (USERNAME,CONTACTUSERNAME,CREATEDBY,CREATEDON,UPDATEDBY,UPDATEDON)
    values ('omid', 'robert@thinkparity.dyndns.org', 'omid', NOW(), 'omid', NOW());
insert into parityContact (USERNAME,CONTACTUSERNAME,CREATEDBY,CREATEDON,UPDATEDBY,UPDATEDON)
    values ('omid', 'djohnson@thinkparity.dyndns.org', 'omid', NOW(), 'omid', NOW());
insert into parityContact (USERNAME,CONTACTUSERNAME,CREATEDBY,CREATEDON,UPDATEDBY,UPDATEDON)
    values ('omid', 'emorrison@thinkparity.dyndns.org', 'omid', NOW(), 'omid', NOW());
insert into parityContact (USERNAME,CONTACTUSERNAME,CREATEDBY,CREATEDON,UPDATEDBY,UPDATEDON)
    values ('omid', 'kmfarland@thinkparity.dyndns.org', 'omid', NOW(), 'omid', NOW());
insert into parityContact (USERNAME,CONTACTUSERNAME,CREATEDBY,CREATEDON,UPDATEDBY,UPDATEDON)
    values ('omid', 'strimnell@thinkparity.dyndns.org', 'omid', NOW(), 'omid', NOW());
insert into parityContact (USERNAME,CONTACTUSERNAME,CREATEDBY,CREATEDON,UPDATEDBY,UPDATEDON)
    values ('omid', 'kenjiro@thinkparity.dyndns.org', 'omid', NOW(), 'omid', NOW());
insert into parityContact (USERNAME,CONTACTUSERNAME,CREATEDBY,CREATEDON,UPDATEDBY,UPDATEDON)
    values ('omid', 'masako@thinkparity.dyndns.org', 'omid', NOW(), 'omid', NOW());

insert into parityContact (USERNAME,CONTACTUSERNAME,CREATEDBY,CREATEDON,UPDATEDBY,UPDATEDON)
    values ('raymond', 'asahebjam@thinkparity.dyndns.org', 'raymond', NOW(), 'raymond', NOW());
insert into parityContact (USERNAME,CONTACTUSERNAME,CREATEDBY,CREATEDON,UPDATEDBY,UPDATEDON)
    values ('raymond', 'omid@thinkparity.dyndns.org', 'raymond', NOW(), 'raymond', NOW());
insert into parityContact (USERNAME,CONTACTUSERNAME,CREATEDBY,CREATEDON,UPDATEDBY,UPDATEDON)
    values ('raymond', 'robert@thinkparity.dyndns.org', 'raymond', NOW(), 'raymond', NOW());
insert into parityContact (USERNAME,CONTACTUSERNAME,CREATEDBY,CREATEDON,UPDATEDBY,UPDATEDON)
    values ('raymond', 'djohnson@thinkparity.dyndns.org', 'raymond', NOW(), 'raymond', NOW());
insert into parityContact (USERNAME,CONTACTUSERNAME,CREATEDBY,CREATEDON,UPDATEDBY,UPDATEDON)
    values ('raymond', 'emorrison@thinkparity.dyndns.org', 'raymond', NOW(), 'raymond', NOW());
insert into parityContact (USERNAME,CONTACTUSERNAME,CREATEDBY,CREATEDON,UPDATEDBY,UPDATEDON)
    values ('raymond', 'kmfarland@thinkparity.dyndns.org', 'raymond', NOW(), 'raymond', NOW());
insert into parityContact (USERNAME,CONTACTUSERNAME,CREATEDBY,CREATEDON,UPDATEDBY,UPDATEDON)
    values ('raymond', 'strimnell@thinkparity.dyndns.org', 'raymond', NOW(), 'raymond', NOW());
insert into parityContact (USERNAME,CONTACTUSERNAME,CREATEDBY,CREATEDON,UPDATEDBY,UPDATEDON)
    values ('raymond', 'kenjiro@thinkparity.dyndns.org', 'raymond', NOW(), 'raymond', NOW());
insert into parityContact (USERNAME,CONTACTUSERNAME,CREATEDBY,CREATEDON,UPDATEDBY,UPDATEDON)
    values ('raymond', 'masako@thinkparity.dyndns.org', 'raymond', NOW(), 'raymond', NOW());

insert into parityContact (USERNAME,CONTACTUSERNAME,CREATEDBY,CREATEDON,UPDATEDBY,UPDATEDON)
    values ('robert', 'asahebjam@thinkparity.dyndns.org', 'robert', NOW(), 'robert', NOW());
insert into parityContact (USERNAME,CONTACTUSERNAME,CREATEDBY,CREATEDON,UPDATEDBY,UPDATEDON)
    values ('robert', 'omid@thinkparity.dyndns.org', 'robert', NOW(), 'robert', NOW());
insert into parityContact (USERNAME,CONTACTUSERNAME,CREATEDBY,CREATEDON,UPDATEDBY,UPDATEDON)
    values ('robert', 'raymond@thinkparity.dyndns.org', 'robert', NOW(), 'robert', NOW());
insert into parityContact (USERNAME,CONTACTUSERNAME,CREATEDBY,CREATEDON,UPDATEDBY,UPDATEDON)
    values ('robert', 'djohnson@thinkparity.dyndns.org', 'robert', NOW(), 'robert', NOW());
insert into parityContact (USERNAME,CONTACTUSERNAME,CREATEDBY,CREATEDON,UPDATEDBY,UPDATEDON)
    values ('robert', 'emorrison@thinkparity.dyndns.org', 'robert', NOW(), 'robert', NOW());
insert into parityContact (USERNAME,CONTACTUSERNAME,CREATEDBY,CREATEDON,UPDATEDBY,UPDATEDON)
    values ('robert', 'kmfarland@thinkparity.dyndns.org', 'robert', NOW(), 'robert', NOW());
insert into parityContact (USERNAME,CONTACTUSERNAME,CREATEDBY,CREATEDON,UPDATEDBY,UPDATEDON)
    values ('robert', 'strimnell@thinkparity.dyndns.org', 'robert', NOW(), 'robert', NOW());
insert into parityContact (USERNAME,CONTACTUSERNAME,CREATEDBY,CREATEDON,UPDATEDBY,UPDATEDON)
    values ('robert', 'kenjiro@thinkparity.dyndns.org', 'robert', NOW(), 'robert', NOW());
insert into parityContact (USERNAME,CONTACTUSERNAME,CREATEDBY,CREATEDON,UPDATEDBY,UPDATEDON)
    values ('robert', 'masako@thinkparity.dyndns.org', 'robert', NOW(), 'robert', NOW());

insert into parityContact (USERNAME,CONTACTUSERNAME,CREATEDBY,CREATEDON,UPDATEDBY,UPDATEDON)
    values ('djohnson', 'omid@thinkparity.dyndns.org', 'djohnson', NOW(), 'djohnson', NOW());
insert into parityContact (USERNAME,CONTACTUSERNAME,CREATEDBY,CREATEDON,UPDATEDBY,UPDATEDON)
    values ('djohnson', 'raymond@thinkparity.dyndns.org', 'djohnson', NOW(), 'djohnson', NOW());
insert into parityContact (USERNAME,CONTACTUSERNAME,CREATEDBY,CREATEDON,UPDATEDBY,UPDATEDON)
    values ('djohnson', 'robert@thinkparity.dyndns.org', 'djohnson', NOW(), 'djohnson', NOW());
insert into parityContact (USERNAME,CONTACTUSERNAME,CREATEDBY,CREATEDON,UPDATEDBY,UPDATEDON)
    values ('djohnson', 'emorrison@thinkparity.dyndns.org', 'djohnson', NOW(), 'djohnson', NOW());
insert into parityContact (USERNAME,CONTACTUSERNAME,CREATEDBY,CREATEDON,UPDATEDBY,UPDATEDON)
    values ('djohnson', 'kmfarland@thinkparity.dyndns.org', 'djohnson', NOW(), 'djohnson', NOW());
insert into parityContact (USERNAME,CONTACTUSERNAME,CREATEDBY,CREATEDON,UPDATEDBY,UPDATEDON)
    values ('djohnson', 'strimnell@thinkparity.dyndns.org', 'djohnson', NOW(), 'djohnson', NOW());
insert into parityContact (USERNAME,CONTACTUSERNAME,CREATEDBY,CREATEDON,UPDATEDBY,UPDATEDON)
    values ('djohnson', 'kenjiro@thinkparity.dyndns.org', 'djohnson', NOW(), 'djohnson', NOW());
insert into parityContact (USERNAME,CONTACTUSERNAME,CREATEDBY,CREATEDON,UPDATEDBY,UPDATEDON)
    values ('djohnson', 'masako@thinkparity.dyndns.org', 'djohnson', NOW(), 'djohnson', NOW());

insert into parityContact (USERNAME,CONTACTUSERNAME,CREATEDBY,CREATEDON,UPDATEDBY,UPDATEDON)
    values ('emorrison', 'omid@thinkparity.dyndns.org', 'emorrison', NOW(), 'emorrison', NOW());
insert into parityContact (USERNAME,CONTACTUSERNAME,CREATEDBY,CREATEDON,UPDATEDBY,UPDATEDON)
    values ('emorrison', 'raymond@thinkparity.dyndns.org', 'emorrison', NOW(), 'emorrison', NOW());
insert into parityContact (USERNAME,CONTACTUSERNAME,CREATEDBY,CREATEDON,UPDATEDBY,UPDATEDON)
    values ('emorrison', 'robert@thinkparity.dyndns.org', 'emorrison', NOW(), 'emorrison', NOW());
insert into parityContact (USERNAME,CONTACTUSERNAME,CREATEDBY,CREATEDON,UPDATEDBY,UPDATEDON)
    values ('emorrison', 'djohnson@thinkparity.dyndns.org', 'emorrison', NOW(), 'emorrison', NOW());
insert into parityContact (USERNAME,CONTACTUSERNAME,CREATEDBY,CREATEDON,UPDATEDBY,UPDATEDON)
    values ('emorrison', 'kmfarland@thinkparity.dyndns.org', 'emorrison', NOW(), 'emorrison', NOW());
insert into parityContact (USERNAME,CONTACTUSERNAME,CREATEDBY,CREATEDON,UPDATEDBY,UPDATEDON)
    values ('emorrison', 'strimnell@thinkparity.dyndns.org', 'emorrison', NOW(), 'emorrison', NOW());
insert into parityContact (USERNAME,CONTACTUSERNAME,CREATEDBY,CREATEDON,UPDATEDBY,UPDATEDON)
    values ('emorrison', 'kenjiro@thinkparity.dyndns.org', 'emorrison', NOW(), 'emorrison', NOW());
insert into parityContact (USERNAME,CONTACTUSERNAME,CREATEDBY,CREATEDON,UPDATEDBY,UPDATEDON)
    values ('emorrison', 'masako@thinkparity.dyndns.org', 'emorrison', NOW(), 'emorrison', NOW());

insert into parityContact (USERNAME,CONTACTUSERNAME,CREATEDBY,CREATEDON,UPDATEDBY,UPDATEDON)
    values ('kmfarland', 'omid@thinkparity.dyndns.org', 'kmfarland', NOW(), 'kmfarland', NOW());
insert into parityContact (USERNAME,CONTACTUSERNAME,CREATEDBY,CREATEDON,UPDATEDBY,UPDATEDON)
    values ('kmfarland', 'raymond@thinkparity.dyndns.org', 'kmfarland', NOW(), 'kmfarland', NOW());
insert into parityContact (USERNAME,CONTACTUSERNAME,CREATEDBY,CREATEDON,UPDATEDBY,UPDATEDON)
    values ('kmfarland', 'robert@thinkparity.dyndns.org', 'kmfarland', NOW(), 'kmfarland', NOW());
insert into parityContact (USERNAME,CONTACTUSERNAME,CREATEDBY,CREATEDON,UPDATEDBY,UPDATEDON)
    values ('kmfarland', 'djohnson@thinkparity.dyndns.org', 'kmfarland', NOW(), 'kmfarland', NOW());
insert into parityContact (USERNAME,CONTACTUSERNAME,CREATEDBY,CREATEDON,UPDATEDBY,UPDATEDON)
    values ('kmfarland', 'emorrison@thinkparity.dyndns.org', 'kmfarland', NOW(), 'kmfarland', NOW());
insert into parityContact (USERNAME,CONTACTUSERNAME,CREATEDBY,CREATEDON,UPDATEDBY,UPDATEDON)
    values ('kmfarland', 'strimnell@thinkparity.dyndns.org', 'kmfarland', NOW(), 'kmfarland', NOW());
insert into parityContact (USERNAME,CONTACTUSERNAME,CREATEDBY,CREATEDON,UPDATEDBY,UPDATEDON)
    values ('kmfarland', 'kenjiro@thinkparity.dyndns.org', 'kmfarland', NOW(), 'kmfarland', NOW());
insert into parityContact (USERNAME,CONTACTUSERNAME,CREATEDBY,CREATEDON,UPDATEDBY,UPDATEDON)
    values ('kmfarland', 'masako@thinkparity.dyndns.org', 'kmfarland', NOW(), 'kmfarland', NOW());

insert into parityContact (USERNAME,CONTACTUSERNAME,CREATEDBY,CREATEDON,UPDATEDBY,UPDATEDON)
    values ('strimnell', 'omid@thinkparity.dyndns.org', 'strimnell', NOW(), 'strimnell', NOW());
insert into parityContact (USERNAME,CONTACTUSERNAME,CREATEDBY,CREATEDON,UPDATEDBY,UPDATEDON)
    values ('strimnell', 'raymond@thinkparity.dyndns.org', 'strimnell', NOW(), 'strimnell', NOW());
insert into parityContact (USERNAME,CONTACTUSERNAME,CREATEDBY,CREATEDON,UPDATEDBY,UPDATEDON)
    values ('strimnell', 'robert@thinkparity.dyndns.org', 'strimnell', NOW(), 'strimnell', NOW());
insert into parityContact (USERNAME,CONTACTUSERNAME,CREATEDBY,CREATEDON,UPDATEDBY,UPDATEDON)
    values ('strimnell', 'djohnson@thinkparity.dyndns.org', 'strimnell', NOW(), 'strimnell', NOW());
insert into parityContact (USERNAME,CONTACTUSERNAME,CREATEDBY,CREATEDON,UPDATEDBY,UPDATEDON)
    values ('strimnell', 'emorrison@thinkparity.dyndns.org', 'strimnell', NOW(), 'strimnell', NOW());
insert into parityContact (USERNAME,CONTACTUSERNAME,CREATEDBY,CREATEDON,UPDATEDBY,UPDATEDON)
    values ('strimnell', 'kmfarland@thinkparity.dyndns.org', 'strimnell', NOW(), 'strimnell', NOW());
insert into parityContact (USERNAME,CONTACTUSERNAME,CREATEDBY,CREATEDON,UPDATEDBY,UPDATEDON)
    values ('strimnell', 'kenjiro@thinkparity.dyndns.org', 'strimnell', NOW(), 'strimnell', NOW());
insert into parityContact (USERNAME,CONTACTUSERNAME,CREATEDBY,CREATEDON,UPDATEDBY,UPDATEDON)
    values ('strimnell', 'masako@thinkparity.dyndns.org', 'strimnell', NOW(), 'strimnell', NOW());

insert into parityContact (USERNAME,CONTACTUSERNAME,CREATEDBY,CREATEDON,UPDATEDBY,UPDATEDON)
    values ('kenjiro', 'omid@thinkparity.dyndns.org', 'kenjiro', NOW(), 'kenjiro', NOW());
insert into parityContact (USERNAME,CONTACTUSERNAME,CREATEDBY,CREATEDON,UPDATEDBY,UPDATEDON)
    values ('kenjiro', 'raymond@thinkparity.dyndns.org', 'kenjiro', NOW(), 'kenjiro', NOW());
insert into parityContact (USERNAME,CONTACTUSERNAME,CREATEDBY,CREATEDON,UPDATEDBY,UPDATEDON)
    values ('kenjiro', 'robert@thinkparity.dyndns.org', 'kenjiro', NOW(), 'kenjiro', NOW());
insert into parityContact (USERNAME,CONTACTUSERNAME,CREATEDBY,CREATEDON,UPDATEDBY,UPDATEDON)
    values ('kenjiro', 'djohnson@thinkparity.dyndns.org', 'kenjiro', NOW(), 'kenjiro', NOW());
insert into parityContact (USERNAME,CONTACTUSERNAME,CREATEDBY,CREATEDON,UPDATEDBY,UPDATEDON)
    values ('kenjiro', 'emorrison@thinkparity.dyndns.org', 'kenjiro', NOW(), 'kenjiro', NOW());
insert into parityContact (USERNAME,CONTACTUSERNAME,CREATEDBY,CREATEDON,UPDATEDBY,UPDATEDON)
    values ('kenjiro', 'kmfarland@thinkparity.dyndns.org', 'kenjiro', NOW(), 'kenjiro', NOW());
insert into parityContact (USERNAME,CONTACTUSERNAME,CREATEDBY,CREATEDON,UPDATEDBY,UPDATEDON)
    values ('kenjiro', 'strimnell@thinkparity.dyndns.org', 'kenjiro', NOW(), 'kenjiro', NOW());
insert into parityContact (USERNAME,CONTACTUSERNAME,CREATEDBY,CREATEDON,UPDATEDBY,UPDATEDON)
    values ('kenjiro', 'masako@thinkparity.dyndns.org', 'kenjiro', NOW(), 'kenjiro', NOW());

insert into parityContact (USERNAME,CONTACTUSERNAME,CREATEDBY,CREATEDON,UPDATEDBY,UPDATEDON)
    values ('masako', 'omid@thinkparity.dyndns.org', 'masako', NOW(), 'masako', NOW());
insert into parityContact (USERNAME,CONTACTUSERNAME,CREATEDBY,CREATEDON,UPDATEDBY,UPDATEDON)
    values ('masako', 'raymond@thinkparity.dyndns.org', 'masako', NOW(), 'masako', NOW());
insert into parityContact (USERNAME,CONTACTUSERNAME,CREATEDBY,CREATEDON,UPDATEDBY,UPDATEDON)
    values ('masako', 'robert@thinkparity.dyndns.org', 'masako', NOW(), 'masako', NOW());
insert into parityContact (USERNAME,CONTACTUSERNAME,CREATEDBY,CREATEDON,UPDATEDBY,UPDATEDON)
    values ('masako', 'djohnson@thinkparity.dyndns.org', 'masako', NOW(), 'masako', NOW());
insert into parityContact (USERNAME,CONTACTUSERNAME,CREATEDBY,CREATEDON,UPDATEDBY,UPDATEDON)
    values ('masako', 'emorrison@thinkparity.dyndns.org', 'masako', NOW(), 'masako', NOW());
insert into parityContact (USERNAME,CONTACTUSERNAME,CREATEDBY,CREATEDON,UPDATEDBY,UPDATEDON)
    values ('masako', 'kmfarland@thinkparity.dyndns.org', 'masako', NOW(), 'masako', NOW());
insert into parityContact (USERNAME,CONTACTUSERNAME,CREATEDBY,CREATEDON,UPDATEDBY,UPDATEDON)
    values ('masako', 'strimnell@thinkparity.dyndns.org', 'masako', NOW(), 'masako', NOW());
insert into parityContact (USERNAME,CONTACTUSERNAME,CREATEDBY,CREATEDON,UPDATEDBY,UPDATEDON)
    values ('masako', 'kenjiro@thinkparity.dyndns.org', 'masako', NOW(), 'masako', NOW());
